DateTime,
20250602_093216,
20250602_093304,
20250602_093408,
20250602_093506,
20250602_093607,
20250602_093704,
20250602_093809,
20250602_093906,
20250602_094007,
20250602_094104,
20250602_094204,
20250602_094304,
20250602_094404,
20250602_094504,
20250602_094604,
20250602_094704,
20250602_094805,
20250602_094904,
20250602_095004,
20250602_095104,
20250602_095204,
20250602_095304,
20250602_095404,
20250602_095504,
20250602_095604,
20250602_095704,
20250602_095804,
20250602_095904,
20250602_100004,
20250602_100104,
20250602_100204,
20250602_100304,
20250602_100404,
20250602_100504,
20250602_100604,
20250602_100704,
20250602_100805,
20250602_100905,
20250602_101004,
20250602_101104,
20250602_101204,
20250602_101305,
20250602_101406,
20250602_101504,
20250602_101604,
20250602_101704,
20250602_101804,
20250602_101904,
20250602_102004,
20250602_102104,
20250602_102204,
20250602_102304,
20250602_102404,
20250602_102504,
20250602_102604,
20250602_102704,
20250602_102804,
20250602_102904,
20250602_103004,
